{
  "ACCURACY": 0.9230769230769231,
  "PRECISION": 0.9285714285714286,
  "RECALL": 0.9285714285714286,
  "F1": 0.9230769230769231,
  "ROC_AUC": null,
  "CONFUSION_MATRIX": [
    [
      6,
      0
    ],
    [
      1,
      6
    ]
  ],
  "LABELS": [
    "Alto",
    "Baixo"
  ]
}