{
  "MAE": 1.1543407852719751,
  "RMSE": 1.2727558479420729,
  "R2": 0.9999975838512861,
  "MAPE": 0.00016880674996995164
}