{
  "MAE": 0.010216292307692304,
  "RMSE": 0.012344275674298383,
  "R2": 0.9089622621362626,
  "MAPE": 0.11430889605757125
}