{
  "MAE": 26.394615384615392,
  "RMSE": 36.7999064756336,
  "R2": 0.9979416742858297,
  "MAPE": 0.003621925312056251
}