{
  "MAE": 0.02679416915579136,
  "RMSE": 0.0330873035772239,
  "R2": 0.9999173134699387,
  "MAPE": 0.0014878460790123931
}