{
  "MAE": 21.762444444444252,
  "RMSE": 27.31497519269912,
  "R2": 0.9922745408292324,
  "MAPE": 0.004579089169992391
}