{
  "MAE": 20.43444444444453,
  "RMSE": 24.864890794496244,
  "R2": 0.9935982929988513,
  "MAPE": 0.004310767550663745
}