{
  "MAE": 0.230800000000019,
  "RMSE": 0.2962313454042243,
  "R2": 0.9933721291540788,
  "MAPE": 0.011943526564447762
}